fold,alpha,beta,risk,correction,num_terms
1,-0.026266176253557205,-0.08438077569007874,0.31128521068876874,-0.4097*S +0.0116*W -0.0801*S^2,3
2,0.048597224056720734,0.1102953776717186,0.4406058030424483,-0.1870*S -0.1608*S^2,2
3,0.05532031133770943,0.12783540785312653,0.43274300542978256,-0.2893*S +0.0073*W -0.0315*S^2,3
4,-0.004416876006871462,0.10815130919218063,-0.040839405463113314,-0.3241*S +0.0376*W -0.0053*S^2 -0.0091*S^2 W,4
5,-0.0002893409691751003,0.14411158859729767,-0.002007742501826977,-0.3571*S +0.1106*W -0.0247*S^2,3
6,0.057552412152290344,0.120936818420887,0.475884325546512,-0.3376*S,1
